LotArea,OverallQual,OverallCond,TotalBsmtSF,FullBath,HalfBath,BedroomAbvGr,TotRmsAbvGrd,Fireplaces,GarageArea,AboveMedianPrice
8450,7,5,856,2,1,3,8,0,548,1
9600,6,8,1262,2,0,3,6,1,460,1
11250,7,5,920,2,1,3,6,1,608,1
9550,7,5,756,1,0,3,7,1,642,0
14260,8,5,1145,2,1,4,9,1,836,1
14115,5,5,796,1,1,1,5,0,480,0
10084,8,5,1686,2,0,3,7,1,636,1
10382,7,6,1107,2,1,3,7,2,484,1
6120,7,5,952,2,0,2,8,2,468,0
7420,5,6,991,1,0,2,5,2,205,0
11200,5,5,1040,1,0,3,5,0,384,0
11924,9,5,1175,3,0,4,11,2,736,1
12968,5,6,912,1,0,2,4,0,352,0
10652,7,5,1494,2,0,3,7,1,840,1
10920,6,5,1253,1,1,2,5,1,352,0
6120,7,8,832,1,0,2,5,0,576,0
11241,6,7,1004,1,0,2,5,1,480,0
10791,4,5,0,2,0,2,6,0,516,0
13695,5,5,1114,1,1,3,6,0,576,0
7560,5,6,1029,1,0,3,6,0,294,0
14215,8,5,1158,3,1,4,9,1,853,1
7449,7,7,637,1,0,3,6,1,280,0
9742,8,5,1777,2,0,3,7,1,534,1
4224,5,7,1040,1,0,3,6,1,572,0
8246,5,8,1060,1,0,3,6,1,270,0
14230,8,5,1566,2,0,3,7,1,890,1
7200,5,7,900,1,0,3,5,0,576,0
11478,8,5,1704,2,0,3,7,1,772,1
16321,5,6,1484,1,0,2,6,2,319,1
6324,4,6,520,1,0,1,4,0,240,0
8500,4,4,649,1,0,3,6,0,250,0
8544,5,6,1228,1,1,3,6,0,271,0
11049,8,5,1234,2,0,3,7,0,484,1
10552,5,5,1398,1,1,4,6,1,447,1
7313,9,5,1561,2,0,2,6,1,556,1
13418,8,5,1117,3,1,4,9,1,691,1
10859,5,5,1097,1,1,3,6,0,672,0
8532,5,6,1297,1,0,3,5,1,498,0
7922,5,7,1057,1,0,3,5,0,246,0
6040,4,5,0,2,0,2,6,0,0,0
8658,6,5,1088,2,0,3,6,1,440,0
16905,5,6,1350,1,1,2,5,2,308,1
9180,5,7,840,1,0,2,5,0,504,0
9200,5,6,938,1,0,3,5,0,308,0
7945,5,6,1150,1,0,3,6,0,300,0
7658,9,5,1752,2,0,2,6,1,576,1
12822,7,5,1434,1,1,1,6,1,670,1
11096,8,5,1656,2,0,3,7,0,826,1
4456,4,5,736,2,0,2,8,0,0,0
7742,5,7,955,1,0,3,6,0,386,0
13869,6,6,794,2,0,3,6,0,388,1
6240,6,6,816,1,0,3,6,1,528,0
8472,5,5,816,1,0,2,5,0,516,0
50271,9,5,1842,0,1,0,5,1,894,1
7134,5,5,384,1,0,3,6,1,572,0
10175,6,5,1425,2,0,3,7,1,576,1
2645,8,5,970,2,1,3,7,0,480,1
11645,7,5,860,2,1,3,7,0,565,1
13682,10,5,1410,3,1,3,10,1,641,1
7200,5,7,780,1,0,2,4,0,352,0
13072,6,5,1158,1,1,3,5,0,576,0
7200,5,7,530,1,0,3,6,0,288,0
6442,8,5,1370,2,0,2,6,1,484,1
10300,7,6,576,2,0,3,9,0,480,0
9375,7,5,1057,2,1,3,8,0,645,1
9591,8,5,1143,2,1,4,9,1,852,1
19900,7,5,1947,2,0,3,7,1,576,1
10665,7,5,1453,2,0,3,7,0,558,1
4608,4,6,747,1,0,2,4,0,220,0
15593,7,4,1304,2,0,3,7,1,667,1
13651,7,6,2223,2,0,3,8,2,516,1
7599,4,6,845,1,0,2,4,0,360,0
10141,7,5,832,2,1,3,7,1,427,1
10200,5,7,1086,1,0,3,6,0,490,0
5790,3,6,840,2,0,3,8,0,379,0
1596,4,5,462,1,0,2,5,0,297,0
8475,4,7,952,1,0,2,4,0,283,0
8635,5,5,672,1,0,2,6,0,240,0
10778,4,5,1768,2,0,4,8,0,0,0
10440,5,6,440,1,1,2,5,0,440,0
13000,6,6,896,2,1,4,8,1,509,1
4500,6,5,1237,2,0,2,5,0,405,0
10206,8,5,1563,2,0,3,6,1,758,1
8892,5,5,1065,1,1,3,6,0,461,0
8530,7,5,384,2,1,3,7,1,400,1
16059,8,5,1288,2,1,4,9,1,462,1
11911,6,5,684,2,1,3,6,1,400,1
3951,6,5,612,2,1,2,4,0,528,1
8470,3,2,1013,1,0,2,6,0,0,0
8070,4,5,990,1,0,3,5,0,0,0
7200,4,5,0,1,0,2,4,0,420,0
8500,5,3,1235,1,0,2,6,0,480,0
13360,5,7,876,1,0,2,5,0,432,1
7200,6,6,1214,2,0,4,9,1,506,0
9337,6,5,824,2,1,3,7,0,684,1
9765,6,8,680,2,1,3,6,1,420,1
10264,7,5,1588,2,0,3,6,0,472,1
10921,4,5,960,1,0,3,6,0,432,0
10625,5,5,458,1,0,2,5,0,366,0
9320,4,5,950,1,1,3,6,0,0,0
10603,6,7,1610,2,0,3,6,2,480,1
9206,6,5,741,2,1,3,7,1,476,1
7018,5,5,0,2,0,4,8,0,410,0
10402,7,5,1226,2,0,3,6,0,740,1
7758,7,4,1040,1,1,4,7,2,240,1
9375,8,5,1053,2,1,3,9,1,648,1
10800,4,7,641,1,0,2,6,0,273,0
6000,5,5,789,1,0,2,5,0,250,0
8500,5,7,793,2,0,3,7,0,0,0
11751,6,6,1844,2,0,3,7,1,546,1
9525,6,4,994,2,0,4,7,0,325,0
7750,7,5,384,2,1,3,7,1,400,1
9965,7,5,1264,2,1,4,10,1,792,1
21000,6,5,1809,2,0,3,7,2,450,1
7259,6,8,1028,2,1,3,9,1,180,1
3230,6,5,729,2,1,2,5,1,440,1
11616,5,5,1092,1,0,3,6,1,288,0
8536,5,5,1125,1,1,2,5,0,430,0
12376,7,5,1673,3,0,5,11,2,594,1
8461,6,5,728,2,1,3,8,1,390,1
21453,6,5,938,1,0,1,4,2,540,1
6060,4,5,732,1,0,3,4,0,264,0
9464,6,7,1080,1,0,3,5,0,288,0
7892,6,5,1199,2,0,2,5,0,530,0
17043,6,5,1362,2,0,3,7,1,435,1
6780,6,8,520,1,0,2,5,0,0,0
4928,6,5,1078,2,0,2,5,1,440,0
4388,5,7,672,1,0,3,5,1,0,0
7590,6,5,660,1,1,3,6,1,453,0
8973,5,7,1008,1,1,3,6,0,750,0
14200,7,6,924,2,1,4,8,2,487,1
12224,6,5,992,2,1,3,7,1,390,1
7388,5,6,1063,1,0,3,7,0,624,0
6853,8,5,1267,2,0,2,6,0,471,1
10335,5,6,1461,2,1,3,7,1,440,1
10400,7,6,1304,2,0,3,7,1,530,1
10355,5,5,1214,2,0,3,5,1,318,0
11070,7,5,1907,3,0,5,9,0,766,1
9066,8,5,1004,2,1,3,7,2,660,1
15426,6,5,928,2,1,3,7,0,470,1
10500,4,5,864,1,0,3,5,1,0,0
11645,7,5,1734,2,0,3,7,0,660,1
8520,5,4,910,2,0,4,6,0,720,1
10335,7,5,1490,2,0,3,6,0,577,1
9100,5,5,1728,2,0,6,10,0,504,0
2522,6,5,970,2,0,3,7,0,380,0
6120,5,7,715,1,0,2,5,0,180,0
9505,7,5,884,2,1,3,8,1,434,1
7500,7,5,1080,1,0,3,6,0,0,0
6240,5,4,896,1,0,3,7,0,240,0
10356,5,6,969,1,1,3,5,0,440,0
13891,8,5,1710,2,0,2,6,1,866,1
14803,6,5,825,2,1,4,8,1,495,1
13500,6,7,1602,1,0,1,4,1,564,1
11340,6,5,1200,1,0,4,7,0,312,0
9600,6,5,572,1,0,2,5,0,0,0
7200,5,7,0,1,0,2,5,0,625,0
12003,8,5,774,2,1,4,8,1,680,1
12552,7,5,991,2,1,3,8,1,678,1
19378,7,5,1392,2,1,4,9,1,576,1
11120,6,6,1232,2,0,3,6,0,516,0
13688,9,5,1572,2,1,3,10,2,726,1
12182,7,5,1541,2,0,3,7,1,532,1
5500,4,6,882,1,0,1,4,0,0,0
5400,6,7,1149,2,0,3,5,0,216,0
10106,5,7,644,2,0,4,6,0,0,0
10708,5,5,1617,1,0,2,7,3,303,1
10562,8,5,1582,1,1,3,8,1,789,1
8244,7,5,840,2,1,3,7,1,440,1
16669,8,6,1686,2,1,2,6,1,511,1
12358,5,6,720,1,1,2,7,0,660,0
31770,6,5,1080,1,0,3,7,2,528,1
5306,7,7,1064,2,0,2,5,1,504,1
10197,6,5,1362,1,1,3,6,1,504,0
12416,6,5,1606,2,0,3,7,1,616,1
12615,6,7,1202,2,0,4,7,1,576,1
10029,6,5,1151,2,1,4,8,1,521,1
13650,5,5,1052,2,0,4,8,1,451,1
17423,9,5,2216,2,0,1,9,1,1166,1
8520,5,6,968,1,0,2,5,0,480,0
2117,6,5,756,2,1,3,5,1,440,1
7588,7,6,793,1,1,4,9,1,216,1
9060,5,6,0,1,0,3,7,1,252,0
11426,7,5,1362,2,1,3,6,0,484,1
7438,5,8,504,1,0,3,5,0,576,0
22950,10,9,1107,2,1,4,12,2,840,1
9947,7,5,1188,2,0,3,6,0,497,1
10410,5,7,660,2,1,3,8,0,180,0
7018,5,5,1086,0,2,2,6,2,528,0
4923,8,5,1593,1,1,0,5,1,682,1
10570,8,8,853,2,1,3,10,2,440,1
7472,7,9,725,1,1,4,7,0,484,1
9017,7,5,1431,2,0,3,6,0,666,1
2522,7,5,970,2,0,3,7,0,380,0
7180,5,7,864,1,0,3,5,0,352,0
2280,6,6,855,2,1,3,7,1,440,0
9416,7,5,1726,2,0,3,8,1,786,1
25419,8,4,1360,2,0,4,8,1,795,1
5520,6,6,755,1,0,5,8,0,0,0
9591,8,5,1713,2,0,3,7,1,856,1
8546,4,5,1121,2,0,2,5,0,440,0
10125,6,6,1196,2,0,3,6,2,473,1
7000,6,6,617,2,0,2,6,0,398,0
4438,6,5,848,1,0,1,3,1,420,0
3500,5,7,720,1,1,2,5,0,240,0
11851,7,5,1424,2,0,3,5,0,500,1
13673,5,5,1140,1,1,3,8,1,349,0
12493,4,5,1100,1,0,3,6,1,312,0
14364,7,5,1157,2,1,3,7,1,454,1
8250,6,7,1092,1,0,3,6,0,504,0
5604,5,6,864,1,0,2,5,0,0,0
10420,6,5,1212,2,0,3,6,0,460,1
8640,7,5,900,2,1,3,7,1,644,1
13568,5,5,990,1,0,3,5,0,576,0
10900,6,7,689,1,1,3,6,0,299,0
10011,5,6,1070,1,0,2,6,1,447,0
8450,7,5,1436,2,0,3,8,0,484,1
9906,4,4,686,1,0,3,8,0,210,0
15660,7,9,798,1,1,3,8,2,431,1
3010,7,5,1248,2,0,2,5,0,438,1
8990,7,5,1498,2,0,2,5,0,675,1
8068,6,5,1010,2,1,4,8,1,390,1
11475,6,6,713,2,1,3,6,1,434,1
10500,4,6,864,1,0,2,4,0,576,0
13472,10,5,2392,2,0,3,8,1,968,1
1680,5,5,630,2,1,3,6,0,280,0
9950,7,5,1203,2,1,4,9,1,721,1
1869,6,6,483,1,1,2,5,0,280,0
8521,5,5,912,1,0,3,5,1,336,0
3182,7,5,1373,2,0,2,7,1,430,1
8760,6,6,1194,1,0,3,6,0,312,0
15138,8,5,1462,2,1,4,9,1,810,1
1680,6,5,483,1,1,2,5,1,288,0
10650,5,6,894,1,0,3,5,0,308,0
7851,6,5,860,2,1,4,8,2,440,1
1680,6,3,483,1,1,2,5,0,264,0
8773,7,5,1414,2,0,3,6,0,494,1
9453,7,7,996,2,1,3,7,0,457,1
12030,8,5,1694,2,0,3,7,0,818,1
8741,6,4,735,1,1,3,7,1,220,0
9000,8,5,1566,2,0,3,7,0,750,1
3880,5,9,686,1,0,2,4,0,0,0
5000,5,4,540,1,0,3,6,0,352,0
10762,6,6,626,1,1,3,6,1,288,0
8880,7,5,948,2,1,3,8,2,463,1
10400,7,5,1845,2,0,3,6,1,604,1
9142,6,8,1020,2,0,4,9,0,440,0
11310,6,5,1367,1,0,2,5,1,451,0
11317,7,5,840,2,1,3,8,0,500,1
159000,6,7,1444,2,0,4,7,2,389,1
5350,3,2,728,1,0,3,6,0,0,0
4750,8,5,1573,2,0,2,5,1,538,1
8366,6,5,798,2,1,3,6,0,520,1
9350,6,7,1302,2,0,3,7,0,309,0
8400,5,6,1314,1,0,3,5,0,294,0
8738,7,5,975,2,1,4,8,1,429,1
8791,6,5,864,2,1,3,7,0,673,1
8814,7,5,1604,2,1,3,8,1,660,1
12435,7,5,963,2,1,3,7,1,564,1
12702,5,5,0,1,0,2,4,0,308,0
19296,6,5,1362,1,0,3,6,1,884,1
9588,8,5,1482,2,1,3,10,1,868,1
8471,6,7,506,1,0,3,6,1,492,0
5500,5,7,926,1,0,3,6,0,484,0
5232,5,5,680,1,0,2,4,0,504,0
12090,6,6,1422,2,0,3,7,1,576,1
11207,6,5,802,2,1,3,8,1,413,1
8400,5,8,720,2,1,4,8,1,240,1
6900,5,6,740,1,0,2,4,1,924,0
7917,6,7,1143,1,1,3,6,1,504,0
10728,8,5,1095,2,1,3,8,1,1053,1
39104,7,7,1385,1,0,2,5,2,439,1
11764,8,7,1152,2,1,4,9,1,671,1
9600,6,6,1240,2,0,3,6,1,338,0
8314,5,7,816,1,0,2,5,0,264,0
7264,7,7,952,2,1,3,5,0,672,1
9196,7,5,1560,2,0,3,7,0,573,1
19138,4,5,864,1,0,2,4,0,400,0
14450,9,5,2121,2,1,3,8,1,732,1
10005,7,5,1160,2,1,4,8,1,505,1
11287,7,6,807,2,1,3,7,1,575,1
7200,6,5,1262,2,0,2,5,0,572,1
5063,7,5,1314,2,0,2,6,1,626,1
9612,8,5,1468,2,0,3,6,1,898,1
8012,6,5,1575,2,0,2,5,0,529,1
4251,7,5,625,2,1,2,5,0,528,1
9786,6,7,912,1,1,3,7,1,440,0
8125,4,4,858,1,0,3,5,0,0,0
9819,5,5,882,1,0,3,5,0,280,0
8730,6,7,698,1,0,3,7,0,384,0
15611,8,5,1079,2,1,3,8,1,685,1
5687,5,6,780,2,0,6,9,0,0,0
11409,5,4,768,1,1,3,8,1,281,0
16659,7,7,795,2,1,3,9,1,539,1
9600,6,5,1416,1,0,3,7,2,418,1
7937,6,6,1003,1,0,3,6,0,588,0
13710,5,5,910,1,1,4,6,0,282,0
7399,7,5,975,2,1,3,7,1,576,1
11700,6,6,702,1,2,3,7,1,539,1
14000,6,8,1092,1,0,3,6,1,300,0
15750,5,5,1165,1,0,2,5,2,375,0
16226,8,5,1028,2,1,4,9,1,683,1
13704,7,5,1541,2,0,3,6,1,843,1
9800,5,7,894,1,0,3,5,0,552,0
18386,7,9,1470,3,0,3,10,1,870,1
10386,8,5,2000,2,0,3,8,0,888,1
13474,7,5,700,2,1,4,8,1,746,1
7920,6,7,319,1,0,3,6,0,0,0
12342,4,5,861,1,0,1,4,0,539,0
12378,9,5,1896,2,0,3,8,3,708,1
7685,6,5,697,2,1,3,6,1,420,1
8000,6,6,972,1,0,2,5,1,240,0
7800,5,7,793,1,0,3,5,1,410,0
215245,7,5,2136,2,0,3,8,2,513,1
9600,7,7,728,1,1,3,6,1,546,1
7795,7,5,716,2,1,3,6,1,432,1
13005,7,7,845,2,1,4,10,1,484,1
9000,8,5,1088,2,1,3,8,1,1025,1
9900,7,5,1347,2,1,4,9,1,656,1
14115,7,5,1372,2,0,3,6,2,588,1
16259,9,5,1249,3,1,4,9,0,840,1
12099,8,5,1136,2,1,4,10,1,872,1
10380,7,5,1502,2,1,4,8,1,576,1
5820,3,8,1162,1,0,3,6,0,220,0
11275,7,7,710,2,1,5,11,1,564,1
5000,5,6,720,1,0,2,5,0,360,0
10846,8,5,1719,1,1,1,6,2,473,1
11600,6,5,1383,1,1,3,7,0,292,0
11888,6,6,844,2,0,5,10,0,441,1
6402,5,5,596,1,0,3,6,0,189,0
10624,5,4,1728,2,0,6,10,0,352,0
8176,5,6,1056,1,0,3,6,0,308,0
10655,8,5,3206,2,0,3,7,1,880,1
8198,7,5,1358,2,0,2,6,1,484,1
9042,6,5,943,2,1,3,7,2,472,1
164660,5,6,1499,2,0,3,7,2,529,1
14157,9,5,1922,2,0,3,8,1,676,1
9135,7,5,1536,2,0,3,7,0,532,1
14145,7,7,1208,2,0,3,8,0,440,1
12400,6,7,1215,1,0,3,6,0,297,0
14191,8,5,967,2,1,4,9,0,431,1
8400,4,4,721,1,0,2,4,0,294,0
8544,3,4,0,2,0,2,6,0,400,0
8849,9,5,1684,2,0,2,6,1,564,1
2592,5,3,536,1,1,3,4,0,336,0
6435,6,5,972,1,0,3,6,1,312,0
12772,6,8,958,1,0,2,5,0,301,0
17600,6,5,1478,2,0,3,6,2,498,0
2448,7,5,764,2,1,2,6,0,474,0
20431,9,5,1848,2,1,4,10,2,706,1
7820,9,5,1869,2,0,2,6,1,617,1
5271,7,5,1453,1,1,2,6,1,445,1
9084,5,6,616,1,0,3,5,0,200,0
8520,6,8,624,1,0,2,5,0,484,0
8400,6,5,940,1,0,2,6,2,240,0
11249,6,5,1200,2,0,3,6,0,521,1
9248,6,6,1158,2,0,3,6,0,400,1
4224,5,5,1142,1,1,3,6,1,528,0
6930,5,4,1062,1,0,3,6,0,288,0
12011,8,5,1086,2,1,3,7,1,592,1
7540,6,6,888,1,0,2,5,1,470,0
9144,5,5,883,1,0,3,8,0,240,0
7301,7,5,0,3,0,4,7,1,672,1
1680,6,8,483,1,1,2,5,0,264,0
18800,6,5,796,2,1,3,6,1,566,1
10690,5,7,672,1,0,3,6,0,468,0
9500,6,5,1394,1,1,3,6,2,514,0
9150,6,5,1099,1,0,3,6,1,296,1
7800,5,6,1268,1,0,2,7,1,244,0
9830,5,7,1063,1,0,3,7,1,576,0
8121,6,5,953,2,1,3,7,1,460,1
17120,4,4,0,2,0,4,7,1,680,0
7175,6,5,744,1,0,2,4,0,264,0
10634,5,6,608,1,0,3,5,0,270,0
8200,7,5,847,2,1,4,8,1,434,1
10020,1,1,683,0,1,1,4,0,0,0
8846,5,5,870,1,0,2,5,0,576,0
11143,8,5,1580,3,0,4,8,1,610,1
11394,9,2,1856,1,1,1,8,1,834,1
8123,6,5,982,2,1,3,7,1,463,1
5000,5,6,1026,2,0,3,6,1,308,0
7200,7,5,1293,2,0,2,5,1,572,1
9245,7,5,939,2,1,3,8,0,639,1
9000,6,3,784,1,0,2,5,0,360,0
53107,6,5,1580,2,1,3,9,2,501,1
3182,8,5,1256,2,0,2,6,1,430,1
8410,5,3,658,1,0,5,8,0,0,0
7200,6,6,1041,1,0,3,6,1,352,0
9382,7,5,1468,2,0,3,6,0,577,1
12474,10,5,1682,2,1,3,9,1,846,1
8405,5,8,861,1,0,4,7,0,384,0
12209,6,5,804,2,1,3,7,1,560,1
8339,5,7,0,1,0,3,5,0,294,0
7446,4,5,788,1,0,2,4,2,0,0
10134,5,6,735,1,0,2,5,0,240,0
9571,5,6,1144,1,0,3,6,0,596,0
7200,5,5,894,1,0,2,6,0,600,0
7590,5,5,864,2,0,4,8,1,264,1
8967,5,2,961,1,0,2,6,0,338,0
8125,7,5,1092,2,0,2,7,0,438,1
14963,8,5,1260,1,1,1,4,2,500,1
8767,7,5,1310,2,0,3,6,1,400,1
10200,5,8,672,1,0,2,4,0,240,0
12090,8,5,1141,2,1,4,10,1,420,1
10364,6,5,806,2,1,3,7,1,373,1
9991,4,4,1281,2,0,3,8,1,490,0
10480,6,5,1064,1,0,3,6,0,240,0
15576,6,7,840,2,0,4,8,0,308,1
14154,7,5,1063,2,1,3,9,1,947,1
10800,8,5,1034,2,1,3,8,1,836,1
9571,5,3,1276,1,0,3,5,0,350,0
34650,5,5,1056,1,0,3,5,0,572,0
4403,7,5,1470,2,1,2,7,1,484,1
8960,5,6,1008,1,0,2,5,1,360,0
11228,7,5,1080,2,1,3,9,1,678,1
8899,7,5,1340,2,0,3,6,0,396,1
7844,6,7,672,1,1,3,6,1,440,0
22420,6,6,1370,2,1,4,10,1,864,1
8160,5,6,756,1,1,3,7,0,240,0
8450,5,6,1056,1,0,3,6,1,304,0
7060,7,5,1344,2,0,2,8,0,784,1
16635,6,7,1602,2,0,3,8,1,529,1
21750,5,5,988,1,0,2,4,0,520,0
9200,8,5,1470,2,1,4,8,1,696,1
9000,6,5,1196,1,0,2,6,1,297,0
3378,7,8,651,1,1,3,6,2,240,0
12800,7,5,1518,2,0,2,5,1,569,1
8593,4,6,907,1,0,3,5,0,352,0
6762,7,5,1208,2,0,2,6,0,628,1
11457,6,5,1392,2,0,3,6,1,576,1
1680,6,5,483,1,1,2,4,0,264,0
5586,6,7,901,1,0,4,7,0,0,0
1920,5,5,765,1,1,2,6,0,440,0
10839,6,5,926,2,1,3,7,1,470,1
1890,4,7,630,1,0,1,3,0,0,0
10667,7,6,799,2,1,3,6,1,550,1
4400,6,8,648,1,0,2,6,0,440,0
6000,6,7,884,1,0,2,4,0,180,0
4280,5,6,440,1,0,2,4,1,352,0
12354,6,8,684,1,0,3,7,0,528,0
15431,10,5,3094,2,0,2,10,2,672,1
12108,4,4,1440,2,0,4,8,0,0,0
6240,5,7,1078,2,0,3,8,1,360,0
3922,7,5,1258,2,0,2,6,1,648,1
8750,7,5,915,2,1,4,8,1,493,1
9855,6,5,1436,1,0,3,7,1,480,0
16492,6,6,1517,2,1,2,6,1,578,1
11214,7,5,930,2,1,4,10,1,431,1
8600,6,6,780,2,0,3,7,1,198,0
6000,3,7,649,1,1,2,6,0,308,0
5684,6,8,813,1,0,2,5,0,270,0
70761,7,5,1533,2,0,2,5,2,576,1
9303,6,5,872,2,1,3,7,0,422,1
9000,8,5,768,2,1,3,6,0,676,1
9297,5,5,1728,2,0,4,8,0,560,1
9600,7,6,1242,1,1,3,6,1,528,1
4571,5,5,624,1,0,4,7,0,513,0
53227,4,6,1364,1,0,2,6,2,529,1
5100,8,7,588,1,0,3,7,1,228,0
7015,5,4,709,1,0,3,5,1,352,0
8004,8,5,832,2,1,3,8,0,552,1
7200,7,9,560,1,0,3,6,0,576,0
8281,5,5,864,1,0,3,5,1,360,0
11988,6,7,715,1,1,3,6,1,240,1
8430,5,5,1040,2,0,3,5,0,0,0
3072,7,5,1375,2,0,2,6,1,398,1
10628,7,5,1277,1,0,2,5,1,526,1
9480,5,7,728,1,1,3,7,2,312,0
11428,8,5,1626,2,0,3,7,1,866,1
9291,6,5,832,2,1,3,7,0,506,1
6820,8,5,1488,1,1,1,4,0,528,1
11952,7,6,808,2,1,3,8,1,534,1
3675,6,5,547,1,0,2,5,0,525,0
14977,8,5,1976,2,0,2,7,1,908,1
5330,8,5,1494,2,0,2,6,0,499,1
8480,5,6,970,1,0,2,5,0,624,0
13125,6,5,1478,2,0,3,7,1,508,1
13693,9,5,2153,2,1,3,9,1,694,1
10637,8,5,1705,2,0,3,7,1,826,1
5925,4,7,907,1,0,2,7,0,672,0
16033,9,5,1833,2,0,3,8,1,772,1
11846,9,5,1792,2,0,2,6,1,874,1
2500,7,8,910,1,1,4,7,1,164,0
4500,6,5,1216,2,0,2,5,0,402,1
7758,5,7,999,1,0,3,6,0,264,0
9600,5,7,1113,1,0,3,5,1,264,0
10289,5,7,1073,1,1,3,6,0,515,0
12243,5,6,1484,2,0,3,7,1,487,1
10800,5,4,954,2,0,3,10,1,520,0
1526,4,8,630,1,0,1,3,0,286,0
2665,5,6,264,1,1,3,4,1,336,0
9490,6,7,806,1,0,3,5,2,240,0
15578,6,5,728,2,1,3,8,0,429,1
7931,5,6,1269,1,1,3,6,1,308,0
5784,5,8,190,1,0,2,4,0,273,0
7879,4,5,720,1,0,2,4,0,0,0
12692,8,5,3200,3,0,4,10,1,546,1
9120,7,6,1026,2,0,4,8,0,240,1
7800,5,7,864,1,0,3,5,0,288,0
7535,5,7,912,1,0,2,5,0,297,0
1890,6,5,672,1,1,3,7,0,264,0
9803,7,5,866,2,1,3,7,0,603,1
9170,5,7,1214,1,0,2,6,0,461,0
15602,7,8,1501,2,0,1,6,2,484,1
2308,6,5,855,2,1,3,6,1,440,0
7596,5,5,960,2,0,4,10,0,400,0
9554,8,5,777,2,1,3,8,1,471,1
7862,6,5,1218,2,0,2,4,0,676,1
9600,7,9,689,2,0,3,7,1,360,0
9600,5,6,1041,1,0,3,6,0,270,0
14559,5,7,1008,1,0,2,6,2,288,1
6792,7,5,1368,2,0,2,6,1,474,1
9100,5,5,864,1,0,3,5,0,624,0
9187,6,5,1084,1,1,3,5,0,484,0
10594,5,5,768,1,0,2,5,0,200,0
12220,10,5,2006,2,1,3,9,1,900,1
10448,6,6,689,2,1,3,7,1,583,0
10208,7,5,1264,2,1,3,7,1,889,1
9531,6,5,794,2,1,3,7,0,546,1
10918,7,9,1276,1,1,3,9,2,282,1
10800,4,7,0,2,0,3,7,0,0,0
11988,6,6,1244,1,1,3,6,2,336,0
5000,6,7,1004,2,0,3,7,2,420,0
40094,10,5,3138,3,1,3,11,1,884,1
11787,7,5,1379,2,1,3,8,1,834,1
7500,7,5,1257,2,0,3,6,1,453,1
13300,5,7,928,1,0,2,4,0,252,0
14948,9,5,1452,2,1,3,11,1,858,1
9098,4,7,528,1,0,2,5,0,0,0
32668,6,3,2035,3,0,4,9,2,484,1
10200,6,5,1461,2,0,3,5,1,600,1
6155,6,8,611,2,0,3,6,0,502,0
7200,5,7,0,1,0,2,5,1,392,0
5000,1,3,0,1,0,1,2,0,0,0
9056,8,5,707,2,1,3,6,1,403,1
7000,5,7,1117,1,0,3,5,0,0,0
8924,7,5,880,2,1,3,8,0,527,1
12735,4,5,864,1,0,3,5,0,576,0
11553,5,5,1051,1,1,3,7,1,336,0
11423,8,5,1581,2,0,3,6,1,670,1
14601,9,5,1838,2,0,2,8,1,765,1
11000,8,5,969,2,1,4,8,1,648,1
10140,7,5,1650,2,0,3,7,1,583,1
4058,7,5,723,1,0,1,4,0,367,0
17104,7,5,654,2,1,3,7,1,426,1
13837,7,5,1204,2,1,4,9,0,786,1
8737,6,7,1065,1,1,3,6,1,440,1
7244,5,7,768,1,0,2,5,0,624,0
8235,5,7,825,1,0,2,4,0,720,0
9375,7,5,912,2,1,4,8,1,615,1
4043,6,6,1069,2,0,2,4,0,440,0
6000,5,6,928,1,0,3,5,0,288,0
11146,8,5,1709,2,0,3,7,1,908,1
8777,4,5,0,2,0,2,5,0,520,0
10625,7,5,998,2,1,3,8,1,871,1
6380,5,6,993,1,0,2,5,1,280,0
14850,5,5,1092,1,0,2,6,1,299,0
11040,4,6,637,1,1,3,7,0,570,0
21872,7,5,729,2,1,3,6,1,406,1
3196,7,5,1374,2,0,2,7,1,420,1
11341,5,6,1392,1,1,3,5,1,528,0
10010,5,5,1389,1,0,2,6,1,418,1
13907,5,6,996,1,0,3,6,1,0,0
21780,6,7,1163,2,0,4,8,1,396,1
13346,7,5,1095,2,1,4,9,1,590,1
6858,6,4,806,1,1,4,6,0,216,0
11198,9,5,1122,2,1,4,11,1,656,1
10171,7,5,1517,2,0,3,7,0,532,1
12327,8,8,1496,1,1,1,5,1,612,1
7032,5,5,943,1,0,2,4,2,600,0
13101,5,5,1728,2,0,6,10,0,576,0
7332,6,6,864,1,0,2,4,0,288,0
13159,7,5,846,2,1,3,6,0,650,1
9967,7,5,384,2,1,3,8,1,400,1
10500,5,7,372,1,0,3,5,0,288,0
8480,5,5,832,1,0,2,6,0,336,0
6292,7,7,861,2,0,3,6,1,216,0
11777,5,6,1164,1,0,3,6,2,564,1
3604,7,5,689,2,0,2,5,0,540,0
12150,5,5,1050,2,0,4,7,0,352,0
14585,6,6,1144,1,0,3,7,2,572,1
12704,8,5,2042,2,1,3,8,1,1390,1
11841,6,5,816,1,0,3,5,0,0,0
13500,10,9,1237,3,1,3,9,1,880,1
6120,4,7,884,1,0,3,6,0,240,0
11443,8,5,1868,2,0,2,7,2,880,1
10267,6,7,816,1,0,2,5,0,275,0
8740,5,6,840,1,0,2,4,0,528,0
25095,5,8,1437,1,0,1,5,2,452,0
9100,5,6,742,1,0,2,4,0,308,0
8320,7,5,770,2,1,3,6,0,520,1
13478,10,5,1722,2,1,3,10,1,842,1
6600,5,8,816,1,0,2,4,0,816,0
4435,6,5,848,1,0,1,4,0,420,0
7990,5,6,924,1,0,3,5,0,280,0
11302,8,5,1814,2,0,3,7,1,758,1
3600,6,7,684,1,0,3,7,0,216,0
3922,7,5,1258,0,2,2,7,1,648,1
12984,5,6,1430,2,0,3,7,1,621,1
1950,6,6,716,2,1,3,6,1,452,0
10927,8,5,1058,2,1,3,8,1,736,1
9000,6,6,780,1,1,3,6,1,544,0
10041,8,5,908,2,1,3,8,1,506,1
3182,7,5,600,2,1,2,4,0,480,0
12803,7,5,1494,2,0,3,6,1,530,1
13600,7,6,768,2,1,3,7,3,486,1
12464,5,5,1040,1,0,3,6,0,576,0
7800,5,8,896,3,0,3,8,0,230,1
12168,8,6,965,2,1,4,10,2,380,1
7943,4,5,1029,1,0,3,5,0,261,0
11050,9,5,1440,2,1,3,8,2,736,1
10395,6,6,1032,2,0,3,6,1,564,0
11885,8,5,1299,2,1,3,7,1,531,1
8402,5,5,1120,1,0,3,6,0,0,0
1491,4,6,630,1,0,1,3,0,0,0
8800,6,7,936,1,0,3,6,0,480,0
7861,6,5,783,2,1,3,7,1,393,1
7227,6,6,832,1,0,2,4,0,528,0
11694,9,5,1822,2,0,3,9,1,774,1
12244,8,5,1482,2,1,4,10,2,749,1
8248,3,3,864,1,0,2,5,0,0,0
10800,6,7,1522,2,1,4,9,1,624,1
7064,5,6,980,1,0,3,6,0,484,0
2117,6,5,756,2,1,2,4,1,440,1
10400,6,5,732,1,2,4,8,1,484,1
10000,6,6,1116,1,1,3,5,0,440,0
12342,5,5,978,1,0,3,6,1,286,0
9600,6,6,1156,1,0,3,7,2,364,0
11606,5,5,1040,1,2,5,9,2,504,0
9020,6,5,1248,1,1,3,6,0,520,1
9000,5,6,636,1,0,3,8,0,240,0
4590,8,5,1554,2,0,2,6,1,627,1
11900,7,5,1386,2,0,3,6,1,544,0
9250,5,7,1056,1,0,3,6,0,260,0
6979,6,5,1056,0,0,0,4,0,576,0
10896,6,7,1440,2,0,8,14,0,0,1
6120,2,3,264,1,0,1,4,1,0,0
6000,5,4,811,2,0,3,7,0,256,0
8777,5,7,796,1,0,2,4,0,0,0
3982,8,5,1520,2,0,1,7,1,648,1
12677,8,5,1518,1,1,1,6,1,588,1
7050,7,5,1057,2,1,3,7,1,650,1
13860,8,7,1952,2,1,4,9,3,538,1
10793,5,5,780,2,1,4,7,0,462,0
9187,9,5,1766,2,1,2,7,1,478,1
10530,6,5,981,1,1,3,5,0,576,0
7200,5,5,0,1,0,3,7,0,420,0
10452,6,5,1094,1,0,3,5,2,495,0
7700,6,5,756,1,1,4,7,1,442,0
1936,4,6,630,1,0,1,3,0,0,0
8125,7,6,813,2,1,3,7,0,562,1
9084,4,5,755,1,0,4,7,1,296,0
8750,7,5,880,2,1,2,7,1,512,1
10320,6,7,756,1,0,3,7,0,216,0
10437,8,6,2109,2,1,2,7,1,839,1
1680,6,5,525,1,1,3,6,0,264,0
10007,5,7,1053,1,1,3,5,0,312,0
7200,7,6,776,1,1,3,6,1,270,0
17503,6,5,912,1,0,3,6,1,330,0
9937,5,7,1486,1,0,3,7,0,480,1
12384,7,7,793,2,1,3,7,1,550,1
46589,8,7,1629,2,1,4,8,1,711,1
13560,6,3,1392,1,0,2,5,2,576,0
10012,4,5,1138,2,0,3,6,0,588,0
20896,8,5,2077,1,1,1,8,1,1134,1
11194,8,5,1406,2,1,3,7,1,504,1
18450,6,5,1021,2,1,3,7,1,596,0
8125,6,5,1408,2,0,3,7,1,575,1
14175,5,6,1188,1,1,3,6,1,576,1
11600,4,5,700,1,0,2,5,1,252,0
8633,6,5,738,2,1,3,7,0,540,1
6629,6,6,672,2,0,3,6,0,300,0
11250,6,6,1208,1,1,3,6,1,546,1
14442,6,7,1477,2,0,3,7,2,416,1
9200,6,6,1136,1,0,3,5,1,384,0
2289,6,6,855,2,1,3,7,1,440,0
9600,4,2,1095,2,0,4,8,0,779,0
9022,5,8,768,1,0,2,5,0,240,0
11844,8,5,2046,2,1,3,7,1,834,1
9945,5,5,988,1,0,3,5,0,572,0
8012,6,5,923,2,0,2,5,1,264,0
4500,5,5,793,1,0,3,6,0,281,0
2887,6,5,1291,1,0,2,6,1,431,1
11248,9,5,1626,2,0,3,7,1,702,1
16770,7,5,1195,2,1,4,7,0,486,1
5062,7,5,1190,2,0,3,6,1,577,1
10207,7,6,874,3,0,3,7,0,578,1
5105,7,5,551,2,1,2,4,0,480,0
8089,8,6,1419,2,0,2,7,1,567,1
7577,6,5,1362,2,0,2,6,1,460,1
4426,6,5,848,1,0,1,3,1,420,0
21535,10,6,2444,3,1,4,10,2,832,1
26178,7,5,1210,2,1,4,9,2,628,1
5400,5,6,1073,1,0,2,4,0,326,0
6120,5,6,927,1,1,3,5,0,576,0
13811,6,6,1112,2,0,2,5,1,551,1
6000,5,7,616,1,0,2,4,0,205,0
6420,5,7,980,1,0,2,6,0,308,0
8450,5,8,894,1,0,3,5,1,336,0
4282,7,5,1391,2,0,2,5,0,530,1
14331,8,5,1800,2,0,3,7,1,765,1
9600,7,5,1164,1,1,3,6,0,528,0
12438,8,5,1234,2,1,4,10,1,666,1
7630,5,9,360,2,0,4,8,1,672,0
8400,7,5,1473,2,0,3,7,0,606,1
5600,4,5,0,2,0,3,7,0,0,0
115149,7,5,1643,2,0,2,5,2,739,1
6240,8,5,1324,2,0,2,6,1,550,1
9018,7,5,728,2,1,3,8,1,400,1
7162,5,7,876,1,0,3,6,0,408,0
4130,3,6,270,1,0,2,5,0,0,0
8712,4,7,859,1,0,2,7,0,384,0
4671,8,5,1228,2,0,2,5,1,472,1
9873,4,5,960,1,0,3,6,0,576,0
13517,6,8,725,2,1,3,6,0,475,0
10140,6,5,1064,2,0,3,7,1,478,1
10800,7,8,718,1,1,3,8,0,704,0
10000,5,6,1176,1,1,3,5,1,439,0
10542,7,5,1311,2,1,3,9,1,983,1
9920,5,6,971,1,1,3,5,1,300,0
6563,8,5,1742,2,0,2,5,1,564,1
4426,6,5,848,1,0,1,3,0,420,0
8120,4,7,864,1,0,3,5,0,463,0
8172,4,6,941,2,0,4,7,0,548,0
13286,9,5,1698,2,0,3,8,1,768,1
6960,4,6,864,1,0,3,5,0,660,0
21695,6,9,880,2,0,3,5,1,540,1
7314,7,5,1232,2,0,2,6,0,632,1
11475,5,5,1584,2,0,4,9,0,888,0
6240,4,5,780,1,0,2,5,0,539,0
5389,8,5,1595,2,0,2,5,1,608,1
9590,7,5,868,2,0,3,6,1,438,1
11404,7,5,1153,2,1,3,8,1,541,1
10000,5,6,864,1,0,3,6,1,264,0
8978,5,5,948,1,0,3,6,0,300,0
10800,7,7,880,1,1,2,6,2,320,0
8544,3,4,0,2,0,2,6,0,400,0
10463,8,5,893,2,1,3,8,1,800,1
10800,5,5,1200,3,0,3,5,0,0,1
9313,7,5,864,2,1,3,7,0,572,1
9600,5,7,264,2,0,2,7,0,360,0
6768,6,8,912,1,0,3,5,0,288,0
8450,7,5,1349,2,0,3,6,0,539,1
12886,5,6,520,2,0,3,6,1,480,1
5395,8,5,1337,2,0,2,5,1,462,1
8963,8,9,1142,3,1,4,11,2,831,1
8795,7,5,952,2,1,4,8,1,554,1
11700,7,7,1240,1,1,4,8,1,864,1
10593,7,5,1720,2,0,3,7,1,527,1
8405,4,3,0,2,0,4,9,0,240,0
8800,4,7,576,1,0,3,7,0,0,0
7750,7,5,660,2,1,3,6,0,400,0
9236,6,5,1479,2,0,3,6,0,576,1
10240,8,5,1030,2,1,3,8,1,878,1
7930,6,8,1026,1,0,3,5,0,440,0
3230,6,5,729,2,1,3,6,0,440,1
10769,8,5,866,2,1,3,7,0,578,1
11616,6,5,672,2,1,3,6,1,440,0
2280,7,5,744,2,1,3,6,0,440,1
12257,8,5,1318,2,1,4,9,1,752,1
9100,6,6,864,1,0,2,5,0,300,0
6911,5,5,1145,1,0,2,5,0,440,0
8640,7,5,756,2,1,3,7,0,614,1
9430,8,5,1252,2,1,3,8,1,856,1
9549,8,5,1494,1,1,2,6,1,481,1
14587,9,5,1498,2,0,2,6,1,592,1
10421,7,5,980,2,1,3,7,1,496,1
12508,6,7,983,2,0,4,7,0,423,0
9100,7,5,1860,2,0,3,8,1,484,1
53504,8,5,1650,3,1,4,12,1,841,1
7252,5,5,858,1,0,2,5,0,576,0
8877,4,5,836,1,0,2,6,0,396,0
7819,6,5,1029,1,0,3,6,1,672,0
10150,5,5,912,1,0,2,5,0,275,0
14226,8,5,1935,2,0,3,9,1,895,1
4500,6,5,1204,2,0,2,5,0,412,0
11210,7,5,1614,2,0,3,7,0,865,1
13350,5,5,864,1,0,3,5,1,440,0
8400,5,5,0,2,0,4,10,2,630,0
10530,6,5,975,1,0,2,4,0,504,0
7875,7,5,1237,2,0,3,6,1,402,1
7153,6,5,761,2,1,3,7,0,484,1
16285,7,5,1413,2,0,3,6,0,605,1
9101,5,6,1097,1,0,1,4,1,602,1
6300,6,6,742,2,0,3,9,1,0,0
9790,6,5,1372,2,0,3,7,1,457,0
10800,5,6,686,2,0,4,7,0,416,0
10142,7,5,956,2,1,4,8,0,618,1
6000,4,7,901,1,0,2,4,0,281,0
12205,6,8,832,2,1,5,9,0,444,1
3182,7,5,1145,2,0,2,5,1,397,0
11333,6,5,1029,1,0,3,5,2,539,0
9920,7,5,1117,2,1,3,8,1,455,1
9158,8,5,1496,2,0,3,7,0,474,1
10832,7,5,712,2,1,3,7,1,409,1
8400,6,6,650,2,1,3,7,1,476,1
8197,6,5,660,1,1,3,7,1,528,0
7677,5,5,773,1,0,2,4,0,240,0
13518,9,5,1926,3,1,4,11,2,820,1
7200,5,7,731,1,1,3,7,2,240,1
12798,6,5,616,2,1,4,8,0,603,1
4800,4,7,1196,1,0,2,5,0,440,0
8199,7,5,728,2,1,3,7,1,410,1
13891,9,5,1734,3,1,4,12,1,1020,1
9000,5,5,936,1,0,2,5,0,286,0
12274,7,5,1417,2,0,3,6,0,554,1
9750,5,5,980,2,0,3,6,0,384,0
21384,5,6,1324,1,1,3,6,1,528,1
13400,5,5,1024,1,0,3,6,1,484,0
8100,5,5,849,2,0,2,11,0,360,0
10140,6,6,1040,1,1,3,5,1,484,1
4438,6,5,848,1,0,1,4,1,420,0
8712,5,5,540,1,0,2,4,0,504,0
9750,6,6,1442,1,1,4,7,0,301,0
8248,5,7,686,1,1,3,7,0,280,0
12137,7,5,1649,2,0,3,6,0,598,1
11425,5,6,1008,1,0,2,4,1,275,0
13265,8,5,1568,2,0,3,7,2,857,1
8816,6,7,1010,1,0,3,6,0,440,0
6371,7,5,1358,2,0,2,6,1,484,1
7226,7,5,798,2,1,3,6,0,595,1
6000,4,4,936,1,0,2,4,0,576,0
12394,7,5,847,2,1,3,7,1,433,1
9900,6,7,778,2,0,3,7,1,240,0
11216,8,5,1489,2,0,3,7,1,776,1
14803,10,5,2078,2,0,2,7,1,1220,1
6130,5,6,784,1,0,2,5,0,0,0
8529,7,5,1454,2,0,3,6,1,527,1
28698,5,5,1013,2,1,3,7,0,538,1
2544,7,5,600,2,1,2,4,0,480,0
11900,6,5,1392,1,1,3,6,2,458,1
3180,7,5,600,2,1,2,4,0,480,0
9548,7,6,941,2,1,3,7,1,613,1
10004,6,6,1516,1,1,3,6,0,472,1
7875,5,6,1144,1,0,3,6,0,456,0
9600,4,7,1067,2,0,2,4,0,436,0
8100,5,6,1559,1,0,2,5,0,812,0
1680,6,5,483,1,1,2,5,0,264,0
9525,5,6,1099,1,1,3,6,0,352,0
11767,5,6,768,1,0,3,6,0,240,0
12155,6,8,672,2,0,4,7,0,400,0
10440,5,8,650,2,0,3,8,1,686,0
9020,6,7,1127,1,1,3,6,0,490,1
8000,5,4,1800,2,0,6,10,0,0,0
12665,5,8,876,1,1,4,7,1,720,0
16647,5,5,1390,2,0,3,6,2,611,1
9317,7,5,740,2,1,3,7,1,425,1
15523,5,6,864,1,0,3,5,1,338,0
45600,6,8,907,3,0,5,10,1,360,1
9600,6,7,528,2,1,3,7,1,512,1
4435,6,5,848,1,0,1,3,0,420,0
3196,8,5,1273,2,0,2,7,1,400,1
7128,7,5,918,2,0,4,7,2,240,1
12095,6,6,1127,1,1,3,7,1,645,0
17920,5,4,1763,1,1,3,6,1,454,1
6897,5,8,1040,1,1,3,6,0,260,0
10970,6,6,940,1,0,3,5,0,576,0
8125,6,5,702,2,1,3,6,1,343,1
10400,7,5,1090,2,0,3,6,1,479,0
11029,6,7,1054,2,1,4,9,1,619,1
7642,7,8,912,1,1,3,7,1,216,1
11625,5,4,1039,1,1,3,6,0,504,0
9672,6,5,1040,2,0,3,6,0,480,0
7931,5,5,1148,1,0,3,6,0,672,0
8640,7,5,1372,2,0,3,6,0,529,1
8750,5,6,1002,1,0,3,5,0,902,0
10656,8,5,1638,2,0,3,6,1,870,1
6970,4,5,1040,1,1,3,5,0,544,0
14762,5,6,0,2,0,2,7,1,672,1
9938,7,5,1050,2,1,3,8,1,574,1
6600,5,5,894,1,0,2,5,0,308,0
8750,6,5,804,2,1,3,7,0,523,1
8892,5,7,105,1,0,3,5,0,414,0
12144,5,7,832,1,0,3,6,1,288,0
5720,5,6,676,1,1,3,5,0,200,0
9000,8,5,1184,2,1,4,11,1,550,1
25286,4,5,1064,1,0,3,5,0,648,0
8834,9,5,1462,2,1,4,10,1,738,1
11782,5,7,1109,1,0,3,6,0,576,0
7000,5,8,864,1,0,3,6,0,336,0
7024,5,5,1090,1,1,2,5,0,450,0
13758,7,5,1156,2,1,3,7,1,400,1
9636,6,5,808,2,1,3,7,1,389,1
6204,4,5,795,1,0,5,10,0,440,0
7150,5,5,892,1,0,3,5,0,288,0
5119,9,5,1698,2,0,2,5,1,506,1
8393,5,5,1626,2,0,4,8,0,588,0
16466,5,7,816,1,1,3,8,0,300,0
15865,8,6,2217,2,0,4,8,1,621,1
12160,6,4,1505,1,0,2,6,1,505,0
8064,5,7,672,1,0,3,6,1,576,0
11184,6,5,918,2,1,3,7,1,440,1
8414,6,8,1059,1,0,3,6,0,264,0
13284,5,5,1383,1,0,3,6,1,354,1
7018,5,5,0,2,0,4,8,0,400,0
7056,6,5,780,1,1,4,8,1,483,0
8765,4,6,951,1,0,2,6,0,327,0
7018,5,5,0,2,0,6,12,0,528,0
12919,9,5,2330,2,1,2,11,2,820,1
6993,5,7,912,1,0,3,6,1,288,0
7340,4,6,858,1,0,2,4,0,684,0
8712,5,7,992,1,0,2,5,0,756,0
7875,7,5,783,2,1,3,8,1,393,1
14859,7,5,1670,2,0,3,7,1,690,1
6173,5,6,876,1,0,3,6,0,288,0
9920,5,5,1056,1,0,3,6,0,280,0
13501,8,5,1623,2,0,3,8,1,865,1
11500,7,7,1017,1,1,3,6,1,180,1
8885,5,5,864,1,0,2,5,0,484,0
12589,6,5,742,2,1,3,8,1,390,1
11600,5,5,1105,2,0,5,12,0,480,0
9286,5,7,1268,1,1,3,5,0,252,0
6120,5,7,768,1,0,3,6,0,450,0
6270,5,6,1001,2,0,4,8,0,871,0
3000,6,5,612,2,1,2,4,0,528,1
2001,4,5,546,1,1,3,6,0,286,0
9000,2,3,480,0,0,1,4,0,308,0
17140,4,6,1134,1,0,3,6,0,284,0
13125,7,5,1104,2,1,4,8,1,833,1
11029,6,8,1184,1,0,3,6,1,601,1
8462,6,5,928,2,1,3,7,0,471,1
8777,5,7,1272,2,2,4,9,0,0,0
10237,6,5,1316,2,0,3,6,1,397,1
8012,6,5,1604,2,0,2,5,1,533,1
10240,6,6,1686,2,0,3,7,1,612,1
15611,5,6,1126,2,0,3,6,0,540,1
11999,8,5,1181,2,1,4,10,1,656,1
9900,7,5,832,2,1,4,9,1,486,1
11838,8,5,1753,2,0,3,7,1,522,1
13006,7,5,964,2,1,4,8,1,642,1
8925,8,5,1466,2,0,3,7,0,610,1
9100,5,6,925,1,0,2,5,0,429,0
11670,9,5,1905,2,0,3,8,1,788,1
8487,7,5,1500,2,0,3,6,0,570,1
27650,7,7,585,2,0,4,9,1,505,1
5825,4,5,600,1,0,1,5,0,528,0
10083,7,5,1176,2,0,2,5,0,555,1
9675,7,5,1113,2,1,3,8,1,689,1
8760,7,5,1391,2,1,3,7,0,868,1
24090,7,7,1032,2,0,4,10,2,349,1
12640,6,5,1728,2,0,4,8,0,574,0
8755,7,5,992,2,1,3,8,1,390,1
7711,4,3,1440,2,0,4,8,0,0,0
25000,5,4,1632,2,0,4,8,0,576,0
14375,6,6,819,1,0,3,7,1,525,0
8820,5,6,1088,1,0,2,7,0,456,0
8163,5,6,1144,1,0,3,6,1,796,0
14536,8,5,1616,2,0,3,9,1,808,1
14006,7,5,936,2,1,3,7,1,474,1
9360,6,7,1161,1,1,3,5,1,676,1
7200,5,8,864,1,0,3,5,0,720,0
7800,5,5,828,1,0,3,6,0,300,0
7200,5,8,768,1,0,2,5,0,396,0
11075,5,4,784,2,1,4,7,1,530,1
9400,6,5,945,2,0,4,4,0,0,0
7136,6,6,979,2,0,4,8,0,492,0
1300,6,6,561,1,1,2,5,1,462,0
7420,5,5,1057,1,0,3,6,0,576,0
8450,7,5,1337,2,0,3,6,0,531,1
2572,7,5,696,2,1,3,6,0,484,0
7207,5,7,858,1,0,2,4,0,0,0
12227,6,7,1330,2,1,4,11,1,619,1
2308,6,6,804,2,1,3,7,1,440,0
11923,9,5,1800,2,0,2,7,0,702,1
11316,7,5,817,2,1,4,8,1,510,1
10237,6,5,783,2,1,3,8,1,393,1
9600,5,7,728,1,1,2,7,2,256,0
7390,5,7,1098,1,0,3,6,0,260,0
5925,3,6,600,1,0,2,6,0,0,0
10382,6,5,588,1,0,2,6,0,264,0
10800,4,4,720,1,1,4,6,0,0,0
2268,7,5,764,2,0,2,6,0,474,1
7892,6,5,918,2,0,2,5,1,264,0
11639,7,5,1428,2,0,3,6,0,480,1
11414,7,8,728,1,0,3,8,0,532,1
2651,7,5,673,2,1,3,6,0,490,1
5900,4,7,440,1,0,2,4,0,0,0
4274,7,5,1241,1,1,1,4,0,569,1
9450,4,5,894,1,0,3,5,0,400,0
8816,5,6,1121,1,0,3,5,0,480,0
12122,7,9,944,1,0,3,6,0,588,1
12203,8,5,1225,2,1,4,8,1,676,1
3182,7,5,1266,2,0,2,6,1,388,0
11250,8,5,1128,2,1,4,9,1,779,1
10125,5,5,0,2,0,4,8,0,539,0
10880,5,5,1164,1,0,3,5,0,240,0
5310,6,8,485,1,0,2,5,0,255,0
10159,9,5,1930,2,1,3,8,1,606,1
12046,6,6,848,2,1,4,8,1,551,1
8125,7,5,770,2,1,3,6,0,614,1
9452,8,5,1396,2,1,3,7,1,870,1
17671,8,9,916,1,1,4,8,1,424,1
9760,6,8,822,2,1,3,7,1,440,1
8846,6,5,750,2,1,3,6,0,564,1
12456,10,5,1700,2,0,3,7,1,786,1
4712,4,7,747,1,1,3,5,0,305,0
10659,5,6,1050,1,0,3,6,0,368,0
11717,6,6,1442,2,0,2,6,1,615,1
9786,3,4,1007,1,0,3,6,1,210,0
6762,7,5,1187,2,0,2,6,0,632,1
10206,3,3,0,1,0,2,4,0,528,0
5400,5,6,691,1,0,2,4,0,216,0
11957,8,5,1574,2,0,3,7,1,824,1
11500,5,6,1680,2,0,4,8,0,528,0
3182,7,5,1346,2,0,1,7,1,457,1
8385,5,8,985,2,0,3,6,0,328,0
12155,6,3,1657,2,0,3,7,1,484,1
2217,4,4,546,1,1,3,6,0,286,0
12118,7,5,1710,2,0,3,7,1,550,1
6000,5,5,1008,2,0,4,7,0,0,0
21286,5,5,720,2,0,4,7,1,312,0
9825,5,5,0,2,0,4,8,0,0,0
10592,6,7,602,1,1,3,7,2,180,1
7200,5,4,1022,1,0,2,4,0,280,0
11664,6,5,1082,1,0,2,5,1,240,0
8400,8,6,810,2,1,3,6,0,528,1
11883,7,5,1504,2,0,3,6,1,478,1
5814,8,5,1220,1,0,1,4,1,565,1
10784,7,5,384,2,1,3,7,1,402,0
3013,7,5,1362,2,0,2,6,1,440,1
7024,4,5,1132,1,1,2,5,0,451,1
7406,7,5,1199,2,0,2,6,0,632,1
9439,5,5,912,1,0,2,6,0,160,0
3182,7,5,1346,2,0,2,7,1,437,1
15498,8,6,1565,2,0,2,10,1,665,1
7700,5,5,882,1,0,3,5,0,461,0
9300,5,5,1268,1,0,3,6,2,461,1
9520,8,5,1638,2,0,3,7,1,800,1
9492,5,5,768,1,0,3,6,1,240,0
1680,6,7,672,1,1,3,7,0,264,0
7082,5,8,686,2,0,5,10,0,0,0
15863,7,3,824,2,1,5,12,2,672,1
14541,8,7,1338,2,1,5,10,1,796,1
8125,7,5,1654,2,0,3,6,0,900,1
6305,5,7,920,1,0,2,5,1,240,0
11500,4,3,0,1,0,3,5,0,290,0
12898,9,5,1620,2,0,2,6,1,912,1
9240,8,5,1055,2,1,3,7,1,905,1
1533,4,6,546,1,1,3,6,1,0,0
1477,4,4,630,1,0,1,3,0,286,0
13125,5,4,1134,2,0,3,8,1,484,0
9130,6,8,800,1,1,4,7,0,484,1
5381,6,5,1306,2,0,1,5,1,624,1
11839,7,5,1475,2,1,4,10,1,514,1
9600,8,5,2524,2,1,4,9,1,542,1
13680,3,5,0,2,0,4,8,1,452,0
16056,9,5,1992,3,1,4,11,1,716,1
9245,5,5,990,1,0,3,5,0,672,0
21750,5,4,0,1,0,3,9,1,336,0
11100,4,7,0,1,0,2,6,0,308,0
8993,7,5,1302,2,0,3,6,0,436,1
11175,7,5,1316,2,0,3,6,1,440,1
9500,6,6,816,1,1,4,9,1,540,1
8562,5,6,1216,1,0,4,7,1,364,0
11367,8,5,1065,2,1,3,7,1,586,1
11361,6,5,1193,2,0,3,7,1,478,1
7052,7,5,1364,2,0,2,6,1,484,1
29959,7,6,973,2,1,3,7,1,467,1
11308,9,5,1104,2,1,3,10,1,836,1
11275,6,7,854,1,1,3,7,1,432,1
4920,8,5,1338,2,0,2,6,0,582,1
18000,3,4,894,1,0,2,6,0,1248,0
13600,5,5,662,2,0,5,10,0,560,0
6000,6,6,1103,1,0,2,5,1,440,0
11000,5,6,1154,1,1,3,6,1,480,0
14000,7,5,1306,2,1,3,7,0,533,1
7837,6,7,799,2,1,3,7,1,380,1
9760,6,6,780,1,1,4,7,0,442,1
3964,6,4,942,2,1,5,10,1,576,0
9600,5,7,845,1,0,2,4,0,576,0
10152,5,5,1048,1,0,3,6,0,286,0
11700,6,6,727,1,1,4,8,0,441,0
7585,5,3,810,1,0,4,7,1,280,0
7950,6,6,690,1,1,3,6,0,440,0
8556,7,5,1240,2,0,2,5,0,826,1
13125,7,6,800,1,1,3,6,2,240,1
10800,5,8,796,2,0,3,7,1,566,1
15870,5,5,1096,1,0,3,6,0,299,0
4435,6,5,848,1,0,1,3,1,420,0
8775,5,5,990,1,0,3,5,0,299,0
11040,6,7,1258,2,0,3,5,0,528,0
7500,5,5,1040,1,1,3,5,0,308,0
8749,7,5,1459,2,0,3,6,1,527,1
8800,6,6,1251,1,0,3,6,2,461,0
13031,6,5,691,2,1,3,6,1,409,1
9069,6,6,936,1,0,2,5,0,564,0
1974,4,5,546,1,1,3,6,0,286,0
10574,8,5,1082,2,1,3,9,1,1043,1
2522,7,5,970,2,0,3,7,0,380,0
3316,8,5,1247,1,1,1,4,1,550,1
8544,3,4,0,2,0,2,6,0,400,0
2160,7,5,600,2,1,2,4,0,462,0
8400,6,5,1181,2,0,4,7,1,576,0
9230,5,8,864,1,1,1,6,0,884,0
5868,5,7,936,1,0,2,4,0,308,0
9317,6,5,1314,2,0,3,6,1,440,1
6882,6,7,684,1,1,3,7,0,0,0
3696,8,5,1074,1,1,2,5,0,461,1
6000,4,6,672,1,0,3,6,0,240,0
11880,7,5,1271,2,0,3,7,1,478,0
8400,2,5,290,1,0,1,3,0,246,0
9758,5,5,950,1,0,3,5,0,280,0
7000,5,7,1010,1,0,2,6,0,254,0
8910,6,6,655,1,0,3,6,1,539,0
2016,5,5,630,2,1,3,6,0,440,0
12256,8,5,1463,2,1,3,9,2,712,1
10357,7,5,910,2,0,3,6,1,719,1
23257,7,5,868,2,1,3,9,1,422,1
8063,6,5,924,2,1,3,7,1,463,1
11362,8,5,1836,2,0,3,7,1,862,1
8000,6,5,773,2,1,3,8,1,431,1
10480,7,6,803,2,1,4,8,1,483,1
7100,5,7,816,1,0,2,5,0,308,0
8923,5,7,1008,1,0,2,6,0,240,0
5400,5,7,833,1,0,2,4,0,326,0
12085,8,5,1734,2,0,3,7,1,928,1
7750,8,5,408,2,1,3,7,1,527,1
9764,5,7,894,1,0,3,5,0,450,0
13825,5,6,533,1,0,3,6,0,300,0
7560,5,5,1040,1,0,3,6,0,286,0
8263,6,5,1012,1,0,2,6,1,308,0
10084,7,5,1552,2,0,3,7,0,782,1
8926,4,3,672,1,0,3,5,0,288,0
9405,5,9,698,1,0,2,4,0,0,0
9125,7,5,384,2,1,3,7,1,392,1
10434,4,5,1005,1,0,2,5,1,672,0
3684,7,5,1373,2,0,2,7,1,660,1
14572,7,5,1530,2,0,3,7,1,630,1
11796,7,5,847,2,1,4,8,1,434,1
7200,5,5,936,1,0,2,4,0,672,0
7804,4,3,1122,2,0,4,7,2,576,0
10712,5,5,974,1,0,3,5,0,0,0
9900,6,4,1008,2,0,5,8,0,205,0
9828,8,5,1128,2,1,3,8,1,466,1
8773,6,5,916,2,1,3,7,1,460,1
6180,6,5,960,1,0,2,5,1,180,0
9600,6,5,1032,1,0,3,6,0,288,0
6342,5,8,780,1,0,2,6,0,0,0
9819,6,5,1567,2,0,2,5,2,714,1
8731,5,5,915,1,0,3,6,1,495,0
7350,5,7,952,1,0,2,4,0,840,0
10304,5,7,780,2,1,4,9,1,484,1
9965,8,5,1466,3,0,4,11,1,1052,1
9000,5,3,1006,1,0,3,5,0,0,0
12180,4,4,672,1,0,2,5,0,280,0
6240,5,6,1042,1,0,3,8,1,225,0
11200,6,5,1298,2,0,3,5,1,403,1
12000,7,7,704,1,1,3,7,1,234,1
5700,7,7,572,1,0,2,5,1,288,0
9000,7,9,650,1,0,3,7,0,324,0
8280,6,5,932,1,0,2,4,1,306,0
17755,5,4,1466,1,1,3,6,2,528,0
14115,6,7,1073,1,0,2,6,1,470,1
5890,6,8,816,1,0,2,5,0,432,0
13700,7,6,864,1,2,4,8,2,492,1
10768,5,8,1437,2,0,3,6,1,528,1
9350,5,8,1219,2,0,3,6,1,502,1
5001,7,5,1314,2,0,2,6,1,626,1
11932,8,5,1580,2,0,3,7,0,830,1
9120,6,6,901,2,1,4,8,1,540,1
2280,6,5,855,2,1,3,7,1,440,0
14778,6,7,1296,1,0,3,7,1,924,1
8724,5,5,894,1,0,3,5,1,450,0
12900,4,4,1198,0,2,0,6,0,400,0
16157,5,7,1360,1,1,2,5,1,588,1
9541,7,5,1502,2,0,3,7,0,644,1
10475,8,5,1694,2,0,3,7,0,776,1
10852,6,5,959,2,1,3,7,1,472,1
13728,6,7,1127,2,0,4,7,2,540,1
35760,10,5,1930,3,1,4,10,1,807,1
9880,6,6,1096,1,0,3,6,1,358,1
9120,6,6,1261,1,0,3,6,1,433,0
4017,7,5,625,2,1,2,5,0,625,1
18030,5,6,1598,3,0,3,12,1,0,1
16560,6,8,952,2,1,4,9,1,360,1
10678,8,5,1683,2,1,4,9,1,541,1
6951,5,5,876,1,0,3,5,0,264,0
3950,6,8,818,1,0,3,5,0,210,0
7681,5,6,731,1,1,3,7,1,186,0
8335,5,5,0,1,0,3,5,1,0,0
11170,7,5,1216,2,1,4,8,0,693,1
5587,8,5,1600,2,0,2,5,1,482,1
15623,10,5,2396,3,1,4,10,2,813,1
10800,5,6,1120,1,0,2,5,1,720,0
35133,5,4,1572,1,1,3,5,2,995,1
9738,5,7,784,1,0,4,7,0,392,0
10615,3,5,978,2,0,3,7,0,420,0
12461,8,5,1624,2,0,2,5,1,757,1
8935,7,5,831,2,1,3,7,0,493,1
7500,7,5,994,2,1,3,7,1,442,1
32463,4,4,1249,1,0,3,7,1,1356,1
2645,8,5,776,2,1,2,5,0,492,1
9600,5,8,702,1,0,3,6,0,250,0
4500,6,5,1224,2,0,2,5,0,402,1
9364,6,7,663,1,1,4,7,0,299,0
8029,6,5,728,2,1,3,8,0,400,1
14054,7,5,879,2,1,4,9,1,660,1
8850,7,6,815,1,0,3,7,1,225,0
9100,7,5,1212,2,0,3,6,0,573,1
11235,4,5,1051,1,1,3,6,1,459,0
9353,4,5,864,1,0,3,5,0,280,0
10400,7,5,866,2,1,3,6,0,546,1
6000,5,8,884,1,0,3,5,1,216,0
9750,7,5,1630,2,0,3,6,1,451,1
10140,5,6,1056,1,1,3,6,0,495,0
14684,7,7,2158,2,0,3,7,1,701,1
8900,4,4,1056,1,0,2,5,0,384,0
9135,6,5,1682,2,0,3,7,0,544,1
7763,5,7,931,1,0,3,6,0,506,0
10182,8,5,1660,2,0,3,8,1,500,1
11218,6,5,1055,2,1,3,8,1,462,1
12134,8,7,559,2,0,4,8,0,492,1
9340,4,6,672,1,0,2,4,0,234,0
10246,4,9,648,0,0,0,3,0,364,0
10205,5,5,925,1,0,3,6,0,300,0
7094,5,5,894,1,0,3,5,0,384,0
8930,6,5,0,2,0,4,8,0,539,0
8640,8,5,1300,2,0,3,6,0,552,1
6240,4,5,0,1,0,2,3,0,0,0
1680,6,5,672,1,1,3,7,0,0,0
7800,5,5,912,1,0,2,5,0,288,0
8250,5,5,952,1,0,3,5,1,322,0
10496,6,6,1040,2,0,3,7,1,315,0
10680,5,3,2136,2,0,4,7,0,528,0
15384,7,5,788,2,1,3,8,1,388,1
10482,6,8,588,1,0,3,6,0,264,0
14598,6,5,894,2,1,4,9,1,668,1
8872,5,8,912,1,0,2,5,0,576,0
8769,9,5,1702,1,1,1,7,1,1052,1
7910,5,5,1075,2,0,4,7,0,404,0
18890,5,5,1361,2,2,4,12,1,600,1
7728,5,6,1106,1,0,3,6,0,540,0
9842,4,5,0,2,0,2,6,0,462,0
12160,5,5,1188,1,0,3,6,0,531,0
8525,5,6,940,1,1,4,7,0,0,0
13132,5,5,747,1,1,4,9,0,180,0
2628,7,5,764,2,1,2,6,0,474,1
12393,7,5,847,2,1,4,8,1,434,1
13072,6,5,1141,1,1,3,6,0,484,0
9037,8,5,1476,2,0,2,6,1,472,1
8158,7,5,884,2,1,3,8,0,543,1
9849,7,6,1689,2,0,3,7,0,954,1
10625,7,6,1053,2,0,3,6,2,528,1
13891,10,5,2076,2,1,2,7,1,850,1
11435,8,7,792,1,0,3,7,2,400,1
12090,6,7,585,3,1,3,7,1,477,1
8125,7,5,756,2,1,3,6,0,615,1
12328,6,5,1012,1,0,3,6,0,888,1
9600,6,5,735,1,1,3,8,1,396,0
7200,5,7,876,1,0,3,6,0,276,0
11160,7,5,2110,2,1,3,8,2,522,1
3136,7,5,1405,2,0,2,6,1,478,1
9858,5,6,864,1,0,3,5,0,288,0
17542,7,7,1192,2,1,3,9,2,518,1
6931,7,5,746,2,1,3,7,1,397,1
6240,6,6,884,1,0,3,6,1,560,0
14303,8,5,1986,2,0,2,7,1,691,1
4060,5,8,864,1,0,2,4,0,0,0
9587,7,5,856,2,0,2,5,0,400,1
9750,6,8,1054,1,1,3,6,0,460,0
24682,6,5,841,2,1,3,7,1,502,1
9600,5,6,1050,1,0,2,5,0,338,0
11250,4,5,1104,1,0,5,8,2,304,0
13515,6,6,764,1,0,3,8,1,520,1
4060,6,5,1405,2,0,2,5,0,511,1
3735,7,5,691,2,1,3,6,0,506,1
10120,7,4,925,1,1,4,9,1,308,0
13214,9,5,2002,2,0,3,10,1,746,1
14100,8,9,728,3,1,4,11,2,1014,1
11344,5,5,874,1,1,3,7,0,315,0
23595,7,6,1332,0,1,0,4,1,586,1
9156,6,7,1489,2,0,3,7,1,462,1
13526,5,6,935,1,0,3,5,0,288,0
11512,6,7,1019,1,0,2,5,1,312,1
5362,5,6,661,2,0,3,8,1,552,0
11345,5,5,928,2,0,4,10,0,400,0
12936,6,6,723,1,1,3,6,1,497,0
17871,6,5,1680,1,1,3,7,1,480,1
9473,8,5,1128,2,1,3,7,1,577,1
7500,4,4,698,1,0,2,6,0,528,0
9808,7,5,1573,2,0,3,6,0,544,1
8049,7,5,1309,2,0,2,6,1,484,1
8800,5,7,1040,2,0,3,5,0,484,0
9400,6,5,912,2,2,4,8,0,0,0
9638,6,7,804,2,0,4,10,1,336,1
6000,6,6,780,1,0,4,6,1,280,0
9790,6,5,1328,1,1,3,6,2,528,0
36500,5,5,1624,2,0,4,7,0,390,1
5664,8,5,1501,2,0,2,5,1,499,1
11065,8,5,1085,2,1,3,8,1,753,1
14112,5,7,1152,1,0,3,6,1,484,1
1680,5,7,630,2,1,3,6,0,264,0
6600,5,4,994,2,0,4,11,0,432,0
10140,7,5,832,2,1,4,8,1,528,0
8172,5,7,864,1,0,2,5,0,572,0
8400,5,5,1052,1,1,3,5,0,288,0
8700,5,6,1120,2,0,3,6,0,525,0
3675,6,5,547,2,0,2,5,0,525,0
63887,10,5,6110,2,1,3,12,3,1418,0
7500,5,7,1246,1,1,3,6,0,305,0
10762,7,5,978,2,1,3,9,1,490,1
7500,6,7,771,1,0,3,7,2,213,1
10120,8,5,1165,2,1,4,8,1,844,1
8688,7,5,1616,2,0,3,7,0,834,1
3363,7,5,976,2,0,3,7,0,380,0
13173,9,5,1652,2,0,2,6,2,840,1
6955,7,5,1368,2,0,2,6,1,474,1
8072,5,5,990,1,0,3,5,0,480,0
12000,5,7,924,1,0,2,6,0,528,0
7153,6,5,1278,2,0,3,6,0,496,1
17500,7,8,1902,2,0,3,7,2,567,1
8814,7,5,1274,2,0,3,6,0,508,1
9572,8,5,1453,2,1,4,9,1,750,1
14774,9,5,1393,2,1,4,10,1,779,1
8190,4,6,948,1,0,3,5,1,280,0
11075,6,5,952,2,1,4,9,2,576,1
10226,8,5,1622,2,0,3,8,1,860,1
4230,7,5,1352,2,0,2,5,1,466,1
14781,8,5,1753,2,0,3,7,1,748,1
10215,4,5,864,1,0,3,5,0,248,0
8400,6,3,1478,1,1,3,6,2,442,0
6627,3,6,0,1,0,2,4,0,287,0
10186,7,5,750,2,1,3,8,1,564,1
5330,4,7,420,1,0,2,5,0,0,0
9986,8,5,1795,2,0,2,7,1,895,0
3636,4,4,796,1,0,2,5,0,0,0
4270,3,6,544,1,0,3,6,0,0,0
6600,5,9,816,1,0,3,5,1,264,0
10440,6,7,1510,2,0,5,8,2,520,1
9084,7,5,935,2,1,3,8,1,462,1
10000,8,5,1588,2,0,3,7,1,825,1
10780,5,5,911,1,0,3,6,0,576,0
8877,4,6,816,1,0,2,3,1,288,0
7200,5,6,803,1,1,2,6,0,297,0
2368,5,6,765,1,1,3,7,0,440,0
9650,6,5,1350,2,0,2,6,1,630,1
9246,5,5,1656,2,0,4,8,0,506,0
4118,4,4,693,1,0,2,4,0,0,0
13450,7,5,916,2,1,3,8,0,492,1
9560,5,7,864,1,0,3,5,0,288,0
8294,4,5,858,1,0,3,5,0,480,0
13695,6,5,1114,1,0,3,6,0,576,0
9375,8,5,1284,2,1,3,7,1,647,1
7558,6,6,896,1,1,3,9,1,342,1
11103,7,5,728,2,1,3,8,1,440,0
6000,4,4,960,1,0,2,5,0,308,0
20781,7,7,1568,2,0,3,9,1,508,1
15306,8,5,1732,2,0,3,7,1,712,1
16196,7,5,1482,2,0,3,5,1,514,1
5250,8,5,684,2,0,4,8,0,0,0
11643,5,5,1248,2,2,6,12,0,968,1
9247,6,6,858,1,1,4,8,1,490,1
6000,6,9,698,1,0,2,4,0,624,0
14720,8,5,2033,2,1,4,9,1,666,1
10316,7,5,992,2,1,3,7,1,839,1
10192,7,6,570,3,0,4,8,1,487,1
9477,5,5,864,1,0,3,5,0,264,0
12537,5,6,1078,1,1,3,6,1,500,0
2117,6,5,756,2,1,3,5,0,440,1
16737,9,5,1980,2,0,3,8,1,770,1
9842,5,6,612,3,1,4,8,0,621,1
16158,7,5,1530,2,0,3,7,1,430,1
12513,4,4,715,2,0,4,7,1,368,0
8499,6,5,616,2,1,3,6,1,432,0
3180,7,5,600,2,1,2,4,0,480,0
7500,7,5,814,2,1,3,7,0,663,1
9179,7,5,873,2,1,3,7,0,588,1
2665,5,6,757,2,0,4,6,1,336,0
4435,6,5,848,1,0,1,4,0,420,0
10635,8,5,1657,2,0,3,8,1,502,1
5400,4,6,840,1,0,2,6,0,338,0
9600,6,6,992,1,0,3,8,1,377,1
9750,7,6,1108,2,1,3,8,1,583,1
11400,10,5,2633,2,1,2,8,2,804,1
10625,7,5,1026,2,1,3,9,1,936,1
10991,8,5,1571,2,0,3,7,1,722,1
6292,6,5,768,1,0,2,4,0,160,0
10998,5,5,984,2,0,3,6,0,660,0
1953,6,5,483,1,1,2,5,0,264,0
9735,5,5,384,2,1,3,7,0,400,1
8212,3,3,864,1,0,2,5,0,200,0
12925,6,7,1205,2,1,4,7,2,550,1
7200,7,7,596,1,1,4,8,0,576,0
25339,5,7,816,2,0,3,7,0,576,0
9060,6,5,560,1,0,2,6,0,280,0
5436,4,8,796,1,0,3,7,0,240,0
16692,7,5,1392,3,1,5,12,2,564,1
8520,6,7,714,2,0,5,10,1,216,0
14892,9,5,1746,2,0,3,7,2,758,1
6000,6,6,735,1,0,3,6,1,440,0
9100,7,5,1525,2,0,3,6,0,541,1
8944,5,5,1584,2,0,4,8,0,792,0
7838,5,5,864,1,0,3,6,1,288,0
10800,6,7,482,2,0,3,7,1,672,0
4045,7,5,1356,2,0,2,6,1,648,1
12665,8,5,1094,2,1,4,9,1,642,1
57200,5,5,747,1,0,3,7,2,572,0
6120,5,8,939,1,1,4,8,0,180,0
7200,5,4,1208,1,1,3,7,0,240,0
6171,6,6,976,2,1,3,7,1,216,0
6000,6,7,862,1,0,3,5,1,208,0
7415,6,5,839,2,1,3,8,1,398,1
6762,7,5,1286,2,0,2,6,1,662,1
15256,8,5,1485,2,0,3,6,0,754,1
10410,3,4,672,1,0,3,6,0,936,0
3842,8,5,1594,2,0,2,5,1,482,1
8445,5,7,768,1,0,2,5,0,396,0
8780,5,5,833,1,0,3,5,0,0,0
7740,4,7,622,1,0,3,6,0,528,0
20544,7,6,791,2,1,3,7,1,542,1
12420,7,5,944,2,1,3,6,0,622,1
9600,6,8,856,1,1,3,6,0,271,0
7200,4,5,0,2,0,2,6,0,420,0
10994,8,5,1844,2,0,2,7,1,620,1
13053,6,7,833,1,1,4,8,1,370,1
3635,7,5,1386,2,0,1,7,1,660,1
11340,4,6,777,2,0,4,11,0,560,0
16545,8,5,1284,2,1,3,7,1,1069,1
9204,5,5,1144,1,1,3,6,0,336,0
16381,6,5,1844,2,0,3,7,1,540,1
11700,6,6,708,2,1,3,7,1,776,1
4043,6,5,1069,2,0,2,4,1,440,0
4435,6,5,848,1,0,1,3,0,420,0
19690,6,7,697,2,0,4,8,1,432,1
9503,5,5,1024,1,0,2,6,1,484,0
10721,6,6,1252,1,0,3,7,0,528,0
10944,7,5,1223,2,1,3,5,2,525,1
10930,5,6,913,1,1,3,6,1,288,0
7200,5,7,788,1,0,2,4,2,240,0
12546,6,7,1440,2,0,3,7,1,467,1
21930,5,5,732,2,1,4,7,1,372,1
4928,6,6,958,2,0,2,5,0,440,0
10800,4,6,656,2,0,4,5,0,216,0
10261,6,5,936,2,1,3,8,1,451,1
17400,5,5,1126,2,0,3,5,1,484,0
8400,6,9,1319,1,1,3,7,1,462,1
9000,4,6,864,1,0,3,5,0,528,0
12444,8,5,1932,2,0,2,7,1,774,1
7407,6,7,912,1,0,2,6,0,923,0
11584,7,6,539,2,1,3,6,1,550,1
11526,6,7,588,2,0,3,11,1,672,1
4426,6,5,848,1,0,1,3,1,420,0
11003,10,5,1017,2,1,3,10,1,812,1
8854,6,6,952,1,0,2,4,1,192,0
8500,7,5,1422,2,0,3,7,0,626,1
8400,6,5,814,1,0,3,6,0,240,0
26142,5,7,1188,1,0,3,6,0,312,0
10000,8,5,1220,2,1,3,8,1,556,1
11767,4,7,560,1,1,2,6,0,384,0
1533,5,7,630,1,0,1,3,0,0,0
9000,5,5,896,2,2,4,8,0,0,0
9262,8,5,1573,2,0,3,7,1,840,1
3675,5,5,547,1,0,2,5,0,525,0
17217,5,5,1140,1,0,3,6,0,0,0
7500,7,5,1221,2,0,2,6,0,400,1
7917,6,5,953,2,1,3,7,1,460,1
13175,6,6,1542,2,0,3,7,2,500,1
9042,7,9,1152,2,0,4,9,2,252,1
9717,5,6,1078,1,0,2,5,0,240,0
9937,5,6,1256,1,1,3,6,0,276,0
